{"cameraMode":{"drawMode":0,"name":"Shaded","section":"Shading Mode"},"sceneLighting":true,"audioPlay":false,"sceneViewState":{"m_AlwaysRefresh":false,"showFog":true,"showSkybox":true,"showFlares":true,"showImageEffects":true,"showParticleSystems":true,"showVisualEffectGraphs":true,"m_FxEnabled":true},"in2DMode":false,"pivot":{"x":496.9313049316406,"y":88.4333267211914,"z":-833.3853759765625},"rotation":{"x":0.03028019890189171,"y":-0.040475502610206607,"z":0.0012273842003196478,"w":0.9987181425094605},"size":10.388830184936524,"orthographic":false}